mã chứng khoán,nhóm chỉ số,sàn giao dịch
AAA,VN100,Khác
ACB,VN100,Khác
ANV,VN100,Khác
BCM,VN100,Khác
BID,VN100,Khác
BMP,VN100,Khác
BSI,VN100,Khác
BVH,VN100,Khác
BWE,VN100,Khác
CII,VN100,Khác
CMG,VN100,Khác
CTD,VN100,Khác
CTG,VN100,Khác
CTR,VN100,Khác
CTS,VN100,Khác
DBC,VN100,Khác
DCM,VN100,Khác
DGC,VN100,Khác
DGW,VN100,Khác
DIG,VN100,Khác
DPM,VN100,Khác
DSE,VN100,Khác
DXG,VN100,Khác
DXS,VN100,Khác
EIB,VN100,Khác
EVF,VN100,Khác
FPT,VN100,Khác
FRT,VN100,Khác
FTS,VN100,Khác
GAS,VN100,Khác
GEX,VN100,Khác
GMD,VN100,Khác
GVR,VN100,Khác
HAG,VN100,Khác
HCM,VN100,Khác
HDB,VN100,Khác
HDC,VN100,Khác
HDG,VN100,Khác
HHV,VN100,Khác
HPG,VN100,Khác
HSG,VN100,Khác
HT1,VN100,Khác
IMP,VN100,Khác
KBC,VN100,Khác
KDC,VN100,Khác
KDH,VN100,Khác
KOS,VN100,Khác
LPB,VN100,Khác
MBB,VN100,Khác
MSB,VN100,Khác
MSN,VN100,Khác
MWG,VN100,Khác
NAB,VN100,Khác
NKG,VN100,Khác
NLG,VN100,Khác
NT2,VN100,Khác
OCB,VN100,Khác
PAN,VN100,Khác
PC1,VN100,Khác
PDR,VN100,Khác
PHR,VN100,Khác
PLX,VN100,Khác
PNJ,VN100,Khác
POW,VN100,Khác
PPC,VN100,Khác
PTB,VN100,Khác
PVD,VN100,Khác
PVT,VN100,Khác
REE,VN100,Khác
SAB,VN100,Khác
SBT,VN100,Khác
SCS,VN100,Khác
SHB,VN100,Khác
SIP,VN100,Khác
SJS,VN100,Khác
SSB,VN100,Khác
SSI,VN100,Khác
STB,VN100,Khác
SZC,VN100,Khác
TCB,VN100,Khác
TCH,VN100,Khác
TLG,VN100,Khác
TPB,VN100,Khác
VCB,VN100,Khác
VCG,VN100,Khác
VCI,VN100,Khác
VGC,VN100,Khác
VHC,VN100,Khác
VHM,VN100,Khác
VIB,VN100,Khác
VIC,VN100,Khác
VIX,VN100,Khác
VJC,VN100,Khác
VND,VN100,Khác
VNM,VN100,Khác
VPB,VN100,Khác
VPI,VN100,Khác
VRE,VN100,Khác
VSC,VN100,Khác
VTP,VN100,Khác
